artist,songs,chart_entries,avg_rank,best_rank,avg_popularity,peak_popularity,chart_strength,fandom_intensity,fandom_rank
Jimin,24,4350,16.64183908045977,1,78.54413793103448,96,81.45114942528735,682.4108421126944,1
Jung Kook,14,1937,16.707795560144554,1,85.48786783686113,98,84.89003613835828,642.5676406072563,2
NewJeans,21,2902,28.406271536871124,1,83.2222605099931,95,77.907994486561,621.1993912358251,3
V,16,1381,25.38740043446778,3,86.56987690079653,96,81.09123823316438,586.3940172003162,4
Lim Young Woong,23,4788,28.686925647451964,5,61.42606516290727,73,66.86956975772765,566.6578764198086,5
LE SSERAFIM,14,941,24.20297555791711,2,82.64930924548352,91,79.7231668437832,545.9446670521588,6
aespa,21,909,23.019801980198018,1,77.45434543454346,88,77.71727172717272,529.5223253382258,7
ILLIT,6,371,19.32345013477089,1,82.2911051212938,94,81.98382749326146,485.253572699655,8
IVE,9,496,26.826612903225808,2,79.22983870967742,89,76.70161290322581,476.20886885649224,9
Fast & Furious: The Fast Saga & Jimin & BTS,3,369,19.8130081300813,1,78.01626016260163,90,79.60162601626016,470.7244547008479,10
Sabrina Carpenter,3,257,30.618677042801558,11,95.7431906614786,100,83.06225680933852,461.24135509463724,11
Jung Kook & Latto,6,155,9.470967741935484,1,91.03225806451613,100,91.28064516129032,460.9541143133553,12
Taylor Swift,7,306,37.72549019607843,9,96.23529411764706,100,79.75490196078431,456.74418065315535,13
Billie Eilish,3,218,29.559633027522935,12,96.52752293577981,100,83.98394495412845,452.59550351075876,14
(G)I-DLE,6,312,26.689102564102566,4,78.87820512820512,90,76.59455128205127,440.12785495491437,15
RIIZE,10,530,32.19056603773585,8,68.17924528301887,79,68.49433962264152,429.7856809341979,16
Charlie Puth,3,262,27.209923664122137,6,80.18702290076335,88,76.9885496183206,428.99205718724306,17
KISS OF LIFE,4,237,23.11814345991561,6,78.74261603375527,82,78.31223628691983,428.5457540225425,18
Agust D,2,293,32.33788395904437,14,81.83276450511946,91,75.24744027303754,427.67482907986204,19
BTS,6,211,29.86729857819905,5,87.78199052132702,96,79.45734597156398,425.6201288531451,20
Jung Kook & Jack Harlow,4,145,9.372413793103448,2,78.61379310344827,89,85.12068965517241,424.20803260989754,21
Lady Gaga & Bruno Mars,1,103,17.25242718446602,10,96.80582524271844,100,90.2766990291262,419.28027937539855,22
Jung Kook & BTS,1,161,22.142857142857142,10,84.7888198757764,88,81.82298136645963,416.2823001377876,23
FIFTY FIFTY,2,117,25.64957264957265,10,93.57264957264957,99,84.46153846153845,402.9393628971769,24
YOASOBI,1,118,23.906779661016948,7,89.27118644067797,92,83.1822033898305,397.5380224291205,25
Tommy Richman,1,118,26.550847457627118,12,90.77966101694915,99,82.61440677966101,394.8244523101504,26
DAY6,12,435,31.432183908045978,4,60.0919540229885,67,64.82988505747127,394.01284805674976,27
Ariana Grande,6,123,30.276422764227643,11,92.39837398373983,97,81.5609756097561,393.14686720446934,28
BABYMONSTER,3,122,23.040983606557376,9,81.94262295081967,88,79.95081967213115,384.73808362543076,29
TAEYEON,3,159,24.566037735849058,12,74.23899371069183,77,75.33647798742139,382.34572041370063,30
JENNIE,3,112,22.232142857142858,2,82.65178571428571,89,80.70982142857142,381.54662667187677,31
TWS,2,151,26.00662251655629,8,74.18543046357615,78,74.58940397350993,374.7282536840504,32
ZICO & JENNIE,1,87,19.32183908045977,2,83.82758620689656,87,82.7528735632184,370.5124873084581,33
Benson Boone,1,84,29.011904761904763,20,93.61904761904762,100,82.80357142857143,367.86739064902855,34
QWER,3,224,26.120535714285715,8,60.47767857142857,65,67.67857142857142,366.55393793490623,35
League of Legends & NewJeans,1,111,31.405405405405407,4,85.72972972972973,88,77.66216216216216,366.4488245044987,36
IU,5,136,27.88235294117647,6,74.93382352941177,84,74.02573529411765,364.2052056674607,37
SEVENTEEN,7,124,31.016129032258064,13,80.56451612903226,88,75.2741935483871,363.44742277402975,38
AKMU,3,168,28.625,8,68.29166666666667,81,70.33333333333334,360.8028762829229,39
fromis_9,1,105,17.847619047619048,10,71.05714285714286,73,77.10476190476192,359.57336100886954,40
ROSÉ & Bruno Mars,1,39,2.4358974358974357,2,94.71794871794872,98,96.64102564102564,356.49709391167755,41
Lauv,2,106,27.67924528301887,8,76.68867924528301,84,75.00471698113208,350.4842042300885,42
Jin,9,100,22.35,2,71.88,89,75.265,347.3570457000574,43
Mitski,1,81,43.80246913580247,31,98.0,99,77.59876543209876,341.9559731935736,44
Doja Cat,1,65,26.923076923076923,13,87.83076923076923,100,80.95384615384616,339.16866542373924,45
UMI & V,1,69,27.956521739130434,14,86.10144927536231,90,79.57246376811594,338.0632337169856,46
BIBI,1,75,19.373333333333335,4,74.33333333333333,77,77.97999999999999,337.71058587552807,47
Lee Young Ji,1,93,25.838709677419356,4,73.27956989247312,77,74.22043010752688,337.20529284536235,48
KATSEYE,1,78,32.08974358974359,16,83.56410256410257,86,76.23717948717949,333.1143801883993,49
JEON SOMI,1,76,21.63157894736842,10,73.1842105263158,75,76.27631578947368,331.32947408533954,50
Jung Kook & USHER,2,72,26.5,15,79.94444444444444,83,77.22222222222223,331.3188123997924,51
NMIXX,5,112,35.74107142857143,20,74.24107142857143,80,69.75,329.73530035518576,52
Halsey & SUGA,1,80,37.2875,17,83.3375,87,73.525,323.1018740972911,53
Kendrick Lamar,5,63,39.17460317460318,20,92.58730158730158,98,77.2063492063492,321.09217964224507,54
ECLIPSE,1,77,36.57142857142857,26,77.01298701298701,79,70.72077922077922,308.1098430615347,55
Vaundy,1,85,33.61176470588235,14,70.50588235294117,71,68.9470588235294,307.11414505521975,56
JISOO,1,44,30.15909090909091,17,85.27272727272727,86,78.05681818181819,297.1359618435492,57
SZA,2,51,45.372549019607845,40,93.49019607843137,94,74.55882352941177,294.60008313540936,58
TAEYANG,2,79,39.53164556962025,28,71.40506329113924,79,66.4367088607595,291.12742774792235,59
imase,1,48,28.729166666666668,12,76.875,79,74.57291666666666,290.2243907726455,60
Olivia Rodrigo,1,38,39.39473684210526,21,96.5,99,79.05263157894737,289.6141890782489,61
GroovyRoom & HUH YUNJIN,1,52,29.53846153846154,14,73.25,75,72.35576923076923,287.2735254757665,62
Jimin & Loco,1,20,2.0,2,89.5,93,94.25,286.9462397554326,63
BOYNEXTDOOR,5,77,36.66233766233766,19,66.49350649350649,75,65.41558441558442,284.9966540264347,64
MEOVV,1,48,24.4375,8,69.83333333333333,76,73.19791666666666,284.8731378627434,65
Stray Kids,7,57,37.05263157894737,16,75.47368421052632,89,69.71052631578948,283.0556193404596,66
KANGDANIEL,2,59,34.016949152542374,24,70.89830508474576,76,68.9406779661017,282.26688994641347,67
Creepy Nuts,1,43,42.69767441860465,34,90.4186046511628,92,74.36046511627907,281.39410126636375,68
d4vd,1,50,38.78,30,78.96,84,70.59,277.5475714140102,69
LISA,3,36,35.583333333333336,21,88.19444444444444,92,76.80555555555554,277.3385563461466,70
G-DRAGON,3,35,18.142857142857142,3,69.08571428571429,74,75.97142857142858,272.2450530672799,71
Various Artists,3,53,33.698113207547166,18,68.30188679245283,78,67.80188679245283,270.46064474205133,72
tripleS,1,46,29.130434782608695,14,68.45652173913044,71,70.16304347826087,270.13807357650467,73
LISA & ROSALÍA,1,29,29.448275862068964,16,86.44827586206897,92,79.0,268.6945931513103,74
The Kid LAROI & Jung Kook & Central Cee,1,21,14.619047619047619,3,86.80952380952381,92,86.5952380952381,267.6695572110523,75
TOMORROW X TOGETHER,3,40,35.675,21,76.775,85,71.05000000000001,263.8492953393411,76
Red Velvet,2,42,34.142857142857146,18,70.78571428571429,75,68.82142857142858,258.85116510505344,77
Crush,1,34,35.05882352941177,19,77.55882352941177,80,71.75,255.09622341186542,78
PLAVE,3,57,37.94736842105263,13,62.03508771929825,67,62.54385964912281,253.95577776487693,79
Parc Jae Jung,1,78,39.57692307692308,30,53.93589743589744,55,57.67948717948718,252.02751138780937,80
Post Malone,5,30,41.46666666666667,23,86.6,91,73.06666666666666,250.90999840771468,81
Dhruv,1,31,45.064516129032256,30,82.09677419354838,83,69.01612903225806,239.19167625935532,82
DEAN,1,28,31.785714285714285,7,71.57142857142857,76,70.39285714285714,237.03357431797644,83
ENHYPEN,3,29,43.03448275862069,23,79.79310344827586,89,68.87931034482759,234.27212999552262,84
Aimyon,1,34,38.970588235294116,32,69.44117647058823,70,65.73529411764706,233.71185051261293,85
¥$ & Kanye West & Ty Dolla $ign,6,33,36.696969696969695,19,65.93939393939394,97,65.12121212121212,229.64087173939794,86
MAX,1,31,42.03225806451613,28,73.3225806451613,76,66.14516129032259,229.2416602803497,87
NCT DREAM,3,30,34.36666666666667,12,66.73333333333333,72,66.68333333333334,228.98971341908452,88
Beenzino,15,56,34.732142857142854,12,45.607142857142854,56,55.9375,226.15818029449517,89
Nerd Connection,1,56,42.875,31,53.642857142857146,55,55.88392857142857,225.9415882622897,90
Dua Lipa,1,18,43.888888888888886,41,95.33333333333333,97,76.22222222222223,224.43168218979758,91
Mariah Carey,1,12,26.166666666666668,9,99.75,100,87.29166666666666,223.8987043284133,92
Jimin & HA SUNG WOON,1,22,35.40909090909091,20,76.04545454545455,77,70.81818181818181,222.04999947352795,93
Megan Thee Stallion & RM,1,15,28.0,19,83.13333333333334,87,78.06666666666666,216.44675958285222,94
j-hope,4,22,39.63636363636363,21,76.63636363636364,82,69.0,216.34910089911133,95
10CM,1,22,39.22727272727273,30,74.31818181818181,77,68.04545454545455,213.3561291475426,96
Jack Harlow,1,15,47.53333333333333,39,99.0,99,76.23333333333333,211.36368025874597,97
NAYEON,1,26,36.03846153846154,26,60.88461538461539,67,62.92307692307692,207.38419664550315,98
EXO,3,18,32.94444444444444,19,71.83333333333333,77,69.94444444444444,205.94714859836378,99
BIG Naughty,2,26,31.46153846153846,8,52.73076923076923,60,61.13461538461539,201.4897191736108,100
NCT,1,24,37.541666666666664,23,61.291666666666664,64,62.375,200.777379576154,101
Kanye West & Ty Dolla $ign,9,13,31.0,18,81.53846153846153,89,75.76923076923077,199.95934382084843,102
The Weeknd & Playboi Carti,1,12,32.0,4,86.91666666666667,90,77.95833333333334,199.95917699210565,103
YENA,1,24,44.208333333333336,31,66.66666666666667,69,61.72916666666667,198.69852227259332,104
Sia,1,10,30.0,14,94.0,94,82.5,197.82636000586558,105
BSS,1,18,45.77777777777778,43,78.0,78,66.61111111111111,196.13235200114232,106
YANGHONGWON,11,34,32.705882352941174,14,40.26470588235294,48,54.279411764705884,192.98220139643274,107
Paul Blanco,1,23,47.34782608695652,44,66.91304347826087,68,60.28260869565217,191.58137546858376,108
Men's Tear & 뷰티풀너드,1,24,33.916666666666664,20,50.208333333333336,52,58.64583333333334,188.77365514591636,109
GroovyRoom,1,13,22.76923076923077,16,64.76923076923077,70,71.5,188.692599067491,110
NCT 127,2,19,36.526315789473685,23,61.473684210526315,75,62.973684210526315,188.65229817407106,111
RM,2,13,36.23076923076923,21,76.53846153846153,83,70.65384615384616,186.45955055781656,112
Kanye West,1,11,35.63636363636363,27,81.0,81,73.18181818181819,181.84998664357641,113
VIVIZ,1,13,47.0,40,81.61538461538461,83,67.8076923076923,178.94838738891156,114
Wham!,1,8,28.375,13,89.0,89,80.8125,177.56321115598325,115
Post Malone & Morgan Wallen,1,9,40.44444444444444,31,89.44444444444444,95,75.0,172.69388197455345,116
STAYC,2,14,46.714285714285715,42,72.78571428571429,74,63.53571428571429,172.05790384860114,117
Tate McRae,1,9,47.333333333333336,45,94.88888888888889,96,74.27777777777777,171.03090385183552,118
Travis Scott,10,19,36.8421052631579,12,45.26315789473684,91,54.71052631578948,163.89808938733546,119
TAEMIN,5,16,40.375,27,54.375,65,57.5,162.90976728323244,120
Charli xcx & Billie Eilish,1,8,42.75,35,88.375,91,73.3125,161.0840268259616,121
The Weeknd,1,7,36.285714285714285,15,82.0,85,73.35714285714286,152.5418902360851,122
"Tyler, The Creator",4,7,37.714285714285715,27,80.42857142857143,83,71.85714285714286,149.42272792356536,123
Seiko Matsuda,1,11,37.09090909090909,30,52.81818181818182,54,58.36363636363636,145.02818810580874,124
Jung Kook & Latto & BTS,2,4,6.5,1,85.0,93,89.75,144.4470526409605,125
Oasis,2,7,40.142857142857146,31,74.71428571428571,78,67.78571428571428,140.95643021815457,126
Hanumankind & Kalmi,1,6,48.166666666666664,48,92.0,92,72.41666666666667,140.91632662742228,127
DOYOUNG,1,8,40.375,29,66.625,71,63.625,139.79841373301696,128
Brenda Lee,1,4,26.0,21,98.0,98,86.5,139.21637942554966,129
imase & BIG Naughty,1,10,43.8,37,57.5,61,57.35,137.51929389498656,130
ROSÉ,1,4,8.75,8,76.75,80,84.5,135.99750360068148,131
HYUKOH & 落日飛車 Sunset Rollercoaster,1,9,33.333333333333336,13,47.888888888888886,55,57.77777777777777,133.03824981743375,132
Kelly Clarkson,1,4,24.25,18,86.0,86,81.375,130.9680101243249,133
B.I,1,8,46.625,43,63.75,64,59.0625,129.77357659892047,134
G-DRAGON & TAEYANG & DAESUNG,1,4,4.25,2,63.75,69,80.25,129.15739247283653,135
Bruno Mars,1,5,45.2,38,87.0,87,71.4,127.93162610288313,136
JAESSBEE,1,8,30.75,20,46.0,50,58.125,127.71367855766776,137
ZEROBASEONE,1,6,46.333333333333336,39,75.66666666666667,79,65.16666666666667,126.80847804677126,138
Travis Scott & Bad Bunny & The Weeknd,1,6,44.666666666666664,39,73.83333333333333,92,65.08333333333333,126.64631886768329,139
Jung Kook & Justin Timberlake,1,6,32.5,21,60.833333333333336,76,64.66666666666667,125.8355229722436,140
Michael Bublé,1,4,33.25,27,87.0,87,77.375,124.5302584745885,141
D.O.,3,6,46.333333333333336,36,71.33333333333333,76,63.0,122.59233939048474,142
Jay Park,1,7,44.42857142857143,31,61.0,66,58.785714285714285,122.24145634303606,143
ZICO,1,3,2.6666666666666665,2,73.33333333333333,77,85.83333333333333,118.99026599612394,144
WOODZ,1,7,49.285714285714285,49,60.285714285714285,61,56.0,116.4487263340708,145
Dean Martin,1,3,31.0,30,95.0,95,82.5,114.36928479239097,146
Future & Metro Boomin,2,5,46.4,45,72.0,92,63.3,113.41837440213587,147
Bobby Helms,1,3,33.0,32,94.0,94,81.0,112.28984325071113,148
HAON,1,5,32.6,30,55.4,58,61.900000000000006,110.90991114521661,149
Justin Bieber,1,3,35.666666666666664,35,92.0,92,78.66666666666667,109.05515640809807,150
Engel Montaz & Kuv507 & Latinnites Music,1,4,37.75,25,69.0,70,66.125,106.42408195970488,151
NCT WISH,1,5,36.0,25,53.6,59,59.3,106.25133652522365,152
Playboi Carti,1,3,32.333333333333336,13,83.66666666666667,86,76.16666666666666,105.58942050529832,153
KingLee & Lil' Flip,1,3,14.333333333333334,8,59.333333333333336,66,73.0,101.19948836175202,154
ISEGYE IDOL,2,7,44.285714285714285,40,40.285714285714285,47,48.5,100.85291477147203,155
SHINee,1,4,44.25,39,66.5,69,61.625,99.18161135375144,156
Zion.T,2,5,44.6,36,54.0,57,55.2,98.90512270138863,157
HEARTSTEEL & League of Legends & BAEKHYUN,1,3,40.333333333333336,37,80.66666666666667,83,70.66666666666667,97.96480151913894,158
Jung Kook & Latto & David Guetta,1,4,26.5,23,44.5,62,59.5,95.76155578982896,159
Ava Max,1,3,48.333333333333336,48,85.0,85,68.83333333333333,95.42326185708579,160
KEY,1,4,45.25,40,52.25,57,54.0,86.90964727144141,161
Leellamarz,2,6,39.666666666666664,33,27.833333333333332,47,44.583333333333336,86.75516081204938,162
KingLee & Code G,1,2,9.0,9,65.0,66,78.5,86.24106466044661,163
Artemas,1,2,46.0,42,98.0,98,76.5,84.0438400831104,164
Tyla,1,2,42.0,42,93.0,93,76.0,83.49453393877634,165
E SENS,4,4,36.75,32,37.75,38,51.0,82.08133353413912,166
Jung Kook & Jack Harlow & MK,1,4,30.25,28,30.0,62,50.375,81.0754348388678,167
ASH ISLAND,1,3,36.666666666666664,26,49.0,52,56.66666666666667,78.55668046346047,168
george,1,3,49.666666666666664,49,58.0,58,54.66666666666667,75.78409174122069,169
Andy Williams,1,2,49.0,49,79.0,79,65.5,71.95910490776119,170
Kenshi Yonezu,1,2,48.5,48,76.0,76,64.25,70.58583954692605,171
J Money & KingLee,1,2,28.0,26,48.5,52,60.75,66.74069653658766,172
Leellamarz & YANGHONGWON,2,3,48.0,47,40.0,44,46.5,64.46268779207492,173
WJSN,1,2,39.0,39,52.5,53,57.25,62.89555352624929,174
aespa & Grimes & Flava D,2,3,28.0,17,12.0,36,42.5,58.917510347595346,175
Drake & SZA,1,2,39.0,37,37.5,75,49.75,54.65596136123846,176
Drake,1,1,36.0,36,84.0,84,74.5,51.63946495171592,177
Stray Kids & Charlie Puth,1,1,29.0,29,71.0,71,71.5,49.56002341003609,178
The Weeknd & Playboi Carti & Madonna,1,1,42.0,42,75.0,75,67.0,46.44086109751633,179
Linkin Park,1,1,46.0,46,78.0,78,66.5,46.09428750723636,180
Lil Uzi Vert,1,1,48.0,48,79.0,79,66.0,45.747713916956386,181
JIN,1,1,50.0,50,79.0,79,65.0,45.054566736396445,182
KingLee,1,1,29.0,29,51.0,51,61.5,42.62855160443664,183
Fast & Furious: The Fast Saga,1,1,7.0,7,27.0,27,60.5,41.93540442387669,184
Younha,1,1,50.0,50,64.0,64,57.5,39.855962882196856,185
$ecrecy,1,1,34.0,34,38.0,38,52.5,36.39022697939713,186
CHANGMO,1,1,50.0,50,45.0,45,48.0,33.27106466687737,187
Beat Record,1,1,8.0,8,0.0,0,46.5,32.23134389603746,188
EDES,1,2,44.5,39,1.0,1,28.75,31.585103299208157,189
The Kid LAROI,1,1,49.0,49,35.0,35,43.5,30.15190235435762,190
Sung Si Kyung & Naul,1,1,36.0,36,0.0,0,32.5,22.527283368198223,191
SZA & Justin Bieber,1,1,43.0,43,0.0,0,29.0,20.101268236238415,192
Ebstar,1,1,45.0,45,1.0,1,28.5,19.75469464595844,193
aespa & Nitepunk,1,1,44.0,44,0.0,0,28.5,19.75469464595844,194
